Mês;Gasto total;Gasto marca exata;Gasto marca associada;Impressões;Cliques;Conversões Ads;Valor de conversão Ads;ROAS Ads;CPA Ads
2024-01;3210.42;1070.23;2140.18;20035;13594;406.7422;292225.40;91.0241;7.8930
2024-02;3090.77;1234.76;1856.01;14587;9562;224.3781;130749.70;42.3033;13.7748
2024-03;2573.89;895.34;1678.55;13351;8997;226.6326;115830.27;45.0021;11.3571
2024-04;3652.12;1055.37;2596.75;17299;12546;279.1487;159087.07;43.5602;13.0831
2024-05;4661.59;1473.01;3188.59;15054;11013;267.4818;206033.98;44.1982;17.4277
2024-06;5738.83;2808.38;2930.45;12903;9478;179.4024;139949.32;24.3864;31.9886
2024-07;5956.56;3544.56;2412.00;12267;9083;148.9088;156519.03;26.2767;40.0014
2024-08;5105.61;3384.78;1720.83;8325;5905;159.5945;166948.00;32.6989;31.9912
2024-09;4178.00;2271.31;1906.68;8437;5942;244.1601;278299.98;66.6109;17.1117
2024-10;7389.29;3775.95;3613.35;27963;19537;292.0791;326909.41;44.2409;25.2989
2024-11;9503.91;5105.11;4398.79;21313;14518;389.4552;517462.31;54.4473;24.4031
2024-12;7660.58;3821.66;3838.92;18496;12166;360.4852;316269.09;41.2853;21.2507
2025-01;9835.31;5419.53;4415.77;21877;14110;416.3637;458569.83;46.6249;23.6219
2025-02;6013.05;2536.29;3476.76;16192;7995;329.4867;311847.18;51.8618;18.2497
2025-03;6111.64;1112.72;4998.92;31870;14050;388.7772;424955.06;69.5321;15.7202
2025-04;7956.53;1332.00;6624.54;53880;25295;513.4165;364330.63;45.7901;15.4972
2025-05;6798.58;1240.67;5557.91;46719;17464;498.1820;485850.55;71.4636;13.6468
2025-06;4963.59;1039.25;3924.34;26363;9198;336.6764;403626.44;81.3175;14.7429
2025-07;1941.25;60.79;1880.46;4857;2106;72.3795;95984.05;49.4444;26.8205
2025-08;1858.15;0.00;1858.15;2661;1202;54.1332;82026.08;44.1439;34.3255
2025-09;490.42;0.00;490.42;680;262;10.8300;10082.41;20.5586;45.2838
2025-10;1144.81;0.00;1144.81;3059;555;32.9051;43402.03;37.9119;34.7913
2025-11;1432.61;0.00;1432.61;24099;867;22.4605;30837.96;21.5257;63.7836
2025-12;827.00;0.00;827.00;26566;716;29.9406;40869.79;49.4193;27.6213
2026-01;1467.06;0.16;1466.90;33097;1267;36.4412;32183.06;21.9371;40.2582
2026-02;509.06;0.08;508.98;16842;481;14.1207;7297.61;14.3356;36.0505
2026-03;828.76;0.00;828.76;25309;816;15.9614;12071.44;14.5657;51.9227
2026-04;719.72;0.32;719.40;25001;552;20.0000;11377.19;15.8078;35.9860
2026-05;1544.46;123.54;1420.92;17178;1967;67.2027;95521.97;61.8481;22.9821
2026-06;3747.17;1235.80;2511.37;54238;5049;197.6370;289015.27;77.1289;18.9599
2026-07;4278.71;1319.16;2959.56;88960;5064;164.0546;245490.87;57.3749;26.0810
2026-08;3928.48;1194.03;2734.45;65284;4784;189.3914;257941.01;65.6592;20.7427
2026-09;1865.28;652.08;1213.20;14299;2310;107.4308;121308.24;65.0349;17.3626
2026-10;120.18;55.02;65.16;407;174;3.5374;1786.69;14.8670;33.9739
