Mês;Ads gasto marca;Ads gasto exata;Ads gasto associada;Ads cliques marca;GSC Hotelaria cliques marca;GSC Hotelaria impressões marca;GSC Hotelaria CTR marca;GSC Hotelaria CTR conamore exato;GSC Casa cliques marca;GSC Casa impressões marca;GSC Casa CTR marca;GSC cliques marca combinados;GSC CTR marca combinado;GSC cliques orgânicos totais;GA4 sessões orgânicas;GA4 sessões pagas;GA4 sessões diretas;GA4 receita orgânica;GA4 receita paga;GA4 receita direta;Oracle pedidos confirmados;Oracle faturamento confirmado
2024-01;3210.417386;1070.234072;2140.183314;13594.000000;0.000000;0.000000;0;0.000000;0.000000;0.000000;0;0.000000;0;0.000000;23184.000000;24307.000000;19071.000000;162351.200032;267439.760025;191487.229988;0;0
2024-02;3090.767486;1234.761616;1856.005870;9562.000000;0.000000;0.000000;0;0.000000;0.000000;0.000000;0;0.000000;0;0.000000;13237.000000;15126.000000;11671.000000;143998.090008;106752.650006;106325.270004;0;0
2024-03;2573.886426;895.336426;1678.550000;8997.000000;0.000000;0.000000;0;0.000000;0.000000;0.000000;0;0.000000;0;0.000000;12681.000000;13686.000000;10028.000000;173537.210001;104295.629992;118784.159983;0;0
2024-04;3652.123045;1055.374313;2596.748732;12546.000000;0.000000;0.000000;0;0.000000;0.000000;0.000000;0;0.000000;0;0.000000;17109.000000;19709.000000;16607.000000;159274.049989;159779.340007;109809.409999;0;0
2024-05;4661.590920;1473.005263;3188.585657;11013.000000;0.000000;0.000000;0;0.000000;0.000000;0.000000;0;0.000000;0;0.000000;14992.000000;19129.000000;15364.000000;127419.399990;187887.419981;98772.030032;0;0
2024-06;5738.833071;2808.379572;2930.453499;9478.000000;0.000000;0.000000;0;0.000000;0.000000;0.000000;0;0.000000;0;0.000000;13513.000000;18293.000000;13813.000000;121152.179991;205277.279974;260695.670054;331.000000;699820.170000
2024-07;5956.561951;3544.560207;2412.001744;9083.000000;0.000000;0.000000;0;0.000000;0.000000;0.000000;0;0.000000;0;0.000000;12803.000000;18609.000000;12381.000000;187634.789986;317431.790012;774631.259958;356.000000;814414.310000
2024-08;5105.611669;3384.780156;1720.831513;5905.000000;0.000000;0.000000;0;0.000000;0.000000;0.000000;0;0.000000;0;0.000000;9236.000000;18171.000000;10574.000000;85124.340029;422941.140031;673761.259992;352.000000;836980.190000
2024-09;4177.995890;2271.314868;1906.681022;5942.000000;0.000000;0.000000;0;0.000000;0.000000;0.000000;0;0.000000;0;0.000000;8745.000000;16287.000000;9145.000000;126083.799987;269719.840002;915602.960002;339.000000;881955.880000
2024-10;7389.294977;3775.947720;3613.347257;19537.000000;0.000000;0.000000;0;0.000000;0.000000;0.000000;0;0.000000;0;0.000000;18534.000000;29391.000000;13572.000000;174200.829998;272811.430013;1011946.660010;443.000000;1153387.430000
2024-11;9503.905346;5105.114537;4398.790809;14518.000000;0.000000;0.000000;0;0.000000;0.000000;0.000000;0;0.000000;0;0.000000;17157.000000;24146.000000;13170.000000;278664.689998;472048.510003;1030070.369991;481.000000;1112977.270000
2024-12;7660.576353;3821.656805;3838.919548;12166.000000;0.000000;0.000000;0;0.000000;0.000000;0.000000;0;0.000000;0;0.000000;13500.000000;19636.000000;9264.000000;257703.969968;390531.719966;823161.379942;399.000000;926018.190000
2025-01;9835.305242;5419.534761;4415.770481;14110.000000;0.000000;0.000000;0;0.000000;0.000000;0.000000;0;0.000000;0;0.000000;15920.000000;22038.000000;10241.000000;280557.920011;355469.990096;792499.960010;394.000000;928412.670000
2025-02;6013.046873;2536.287852;3476.759021;7995.000000;0.000000;0.000000;0;0.000000;0.000000;0.000000;0;0.000000;0;0.000000;10814.000000;15101.000000;7163.000000;204320.539983;273022.900031;764979.449964;314.000000;802273.800000
2025-03;6111.641684;1112.724295;4998.917389;14050.000000;0.000000;0.000000;0;0.000000;0.000000;0.000000;0;0.000000;0;0.000000;13825.000000;19713.000000;8886.000000;209042.489996;170101.530003;593470.120012;307.000000;769418.770000
2025-04;7956.534503;1331.996349;6624.538154;25295.000000;0.000000;0.000000;0;0.000000;0.000000;0.000000;0;0.000000;0;0.000000;17906.000000;35415.000000;11788.000000;157202.210009;395570.970082;725268.420023;316.000000;896340.160000
2025-05;6798.575232;1240.668425;5557.906807;17464.000000;0.000000;0.000000;0;0.000000;0.000000;0.000000;0;0.000000;0;0.000000;12251.000000;29018.000000;9192.000000;92978.410047;451735.219986;802576.020021;341.000000;868880.440000
2025-06;4963.588200;1039.249284;3924.338916;9198.000000;1751.000000;15154.000000;0.115547;0.128356;400.000000;13238.000000;0.030216;2151.000000;0.075761;5517.000000;8076.000000;20885.000000;6624.000000;39922.889989;259231.899971;349970.920014;324.000000;829386.840000
2025-07;1941.250982;60.794520;1880.456462;2106.000000;6099.000000;14352.000000;0.424958;0.597030;298.000000;12544.000000;0.023756;6397.000000;0.237842;9942.000000;12232.000000;13186.000000;6771.000000;110408.859991;140113.380025;84419.369999;372.000000;1066920.400000
2025-08;1858.150633;0.000000;1858.150633;1202.000000;5600.000000;11517.000000;0.486238;0.728990;262.000000;10594.000000;0.024731;5862.000000;0.265117;9415.000000;12089.000000;10168.000000;6413.000000;129412.749970;113990.690016;77717.989997;331.000000;1080774.610000
2025-09;490.422733;0.000000;490.422733;262.000000;4595.000000;9045.000000;0.508015;0.743369;205.000000;8616.000000;0.023793;4800.000000;0.271785;7687.000000;10398.000000;8712.000000;6084.000000;187984.029999;152070.969976;95326.929981;388.000000;1299331.680000
2025-10;1144.811967;0.000000;1144.811967;555.000000;4798.000000;9849.000000;0.487156;0.743067;229.000000;9409.000000;0.024338;5027.000000;0.261034;8026.000000;10895.000000;9160.000000;9172.000000;213089.780040;143227.940005;102817.760004;448.000000;1571495.230000
2025-11;1432.614108;0.000000;1432.614108;867.000000;5907.000000;11916.000000;0.495720;0.741009;200.000000;11419.000000;0.017515;6107.000000;0.261710;9531.000000;11859.000000;8827.000000;8559.000000;206449.469988;115278.349999;148131.959989;417.000000;1512300.580000
2025-12;827.000694;0.000000;827.000694;716.000000;4395.000000;9403.000000;0.467404;0.727008;115.000000;8916.000000;0.012898;4510.000000;0.246192;7232.000000;9497.000000;8460.000000;6084.000000;202626.500022;70370.869999;98064.489997;348.000000;936573.520000
2026-01;1467.060595;0.160000;1466.900595;1267.000000;6493.000000;13321.000000;0.487426;0.768522;235.000000;12555.000000;0.018718;6728.000000;0.260009;10193.000000;13359.000000;8656.000000;10772.000000;199962.229970;59550.289985;98919.759975;320.000000;899485.490000
2026-02;509.056854;0.080000;508.976854;481.000000;4632.000000;10486.000000;0.441732;0.761455;276.000000;8548.000000;0.032288;4908.000000;0.257854;7344.000000;10392.000000;7421.000000;7188.000000;166968.989978;69785.520011;77121.120027;278.000000;881577.670000
2026-03;828.756763;0.000000;828.756763;816.000000;4914.000000;11175.000000;0.439732;0.697035;379.000000;9816.000000;0.038610;5293.000000;0.252156;8231.000000;11769.000000;7731.000000;7357.000000;163978.930020;84123.010004;99647.869994;399.000000;1183728.200000
2026-04;719.719909;0.320000;719.399909;552.000000;3996.000000;9970.000000;0.400802;0.640685;276.000000;9454.000000;0.029194;4272.000000;0.219934;7379.000000;9578.000000;6313.000000;7953.000000;146594.800034;61730.359985;102474.430010;365.000000;945789.480000
2026-05;1544.460232;123.537562;1420.922670;1967.000000;3726.000000;9600.000000;0.388125;0.599752;293.000000;9162.000000;0.031980;4019.000000;0.214210;7090.000000;9646.000000;7729.000000;8950.000000;121616.780012;75422.269992;83773.889988;420.000000;1070623.140000
2026-06;3747.171004;1235.798261;2511.372743;5049.000000;1295.000000;8499.000000;0.152371;0.208906;228.000000;8191.000000;0.027835;1523.000000;0.091252;4414.000000;4950.000000;5868.000000;8426.000000;81810.020001;111864.480016;101473.729994;348.000000;1129767.530000
2026-07;4278.712459;1319.157454;2959.555005;5064.000000;1585.000000;8706.000000;0.182058;0.267308;180.000000;7779.000000;0.023139;1765.000000;0.107067;4809.000000;6333.000000;5975.000000;7656.000000;98333.100014;106611.979983;104821.059997;330.000000;1005075.870000
2026-08;3928.481100;1194.032495;2734.448605;4784.000000;1952.000000;8122.000000;0.240335;0.310630;212.000000;7818.000000;0.027117;2164.000000;0.135759;5158.000000;7485.000000;8157.000000;10338.000000;59969.259996;143028.809993;77100.759974;351.000000;1086535.920000
2026-09;1865.279227;652.077095;1213.202132;2310.000000;3985.000000;8303.000000;0.479947;0.563221;286.000000;7955.000000;0.035952;4271.000000;0.262701;7823.000000;10086.000000;4752.000000;11490.000000;158767.689996;99678.269977;103272.470021;312.000000;900482.710000
