Mês;Gasto total;Gasto marca exata;Gasto marca associada;Cliques;Conversões Ads;Valor de conversão Ads;ROAS Ads
2024-01;3210.42;1070.23;2140.18;13594;406.7422;292225.40;91.0241
2024-02;3090.77;1234.76;1856.01;9562;224.3781;130749.70;42.3033
2024-03;2573.89;895.34;1678.55;8997;226.6326;115830.27;45.0021
2024-04;3652.12;1055.37;2596.75;12546;279.1487;159087.07;43.5602
2024-05;4661.59;1473.01;3188.59;11013;267.4818;206033.98;44.1982
2024-06;5738.83;2808.38;2930.45;9478;179.4024;139949.32;24.3864
2024-07;5956.56;3544.56;2412.00;9083;148.9088;156519.03;26.2767
2024-08;5105.61;3384.78;1720.83;5905;159.5945;166948.00;32.6989
2024-09;4178.00;2271.31;1906.68;5942;244.1601;278299.98;66.6109
2024-10;7389.29;3775.95;3613.35;19537;292.0791;326909.41;44.2409
2024-11;9503.91;5105.11;4398.79;14518;389.4552;517462.31;54.4473
2024-12;7660.58;3821.66;3838.92;12166;360.4852;316269.09;41.2853
